HPSA_Discipline_Class,HPSA_Name,HPSA_ID,County_Equivalent_Name,Designation_Type,HPSA_Population_Type,HPSA_Score,PC_MCTA_Score,HPSA_Provider_Ratio_Goal,HPSA_FTE,HPSA_Designation_Population,HPSA_Formal_Ratio,HPSA_Shortage,HPSA_Status,HPSA_Designation_Date,HPSA_Designation_Last_Update_Dat,Data_Warehouse_Record_Create_Dat
Primary Care,Low Income - MSSA 78.2ddd/Bell SW/Cudahy/Maywood/V,1061017434,Los Angeles,HPSA Population,Low Income Population HPSA,13,NA,3000:1,0.16,53040,331500:1,17.52,Proposed For Withdrawal,9/12/2011,9/10/2021,1/17/2023
Primary Care,MSSA 6/Pioneer,1061018308,Amador,Geographic HPSA,Geographic Population,16,NA,3500:1,0.1,5848,58480:1,1.57,Proposed For Withdrawal,7/11/2008,9/10/2021,1/17/2023
Primary Care,MSSA 78.2uuu/Athens,1061038158,Los Angeles,High Needs Geographic HPSA,Geographic Population,18,NA,3000:1,3.75,84994,22665:1,24.58,Proposed For Withdrawal,10/9/2012,5/20/2022,1/17/2023
Primary Care,MSSA 137/Isleton,1061081242,Sacramento,Geographic HPSA,Geographic Population,9,NA,3500:1,0.95,5597,5892:1,0.65,Proposed For Withdrawal,5/13/2008,9/10/2021,1/17/2023
Primary Care,LI/MFW - MSSA 60 Delano-McFarland,1061159691,Kern,HPSA Population,Low Income Migrant Farmworker Population HPSA,12,NA,3000:1,9.26,39476,4263:1,3.9,Proposed For Withdrawal,5/20/1996,9/10/2021,1/17/2023
Primary Care,"MSSA 222/Corning, Los Molinos, Tehama County",1061164785,Tehama,High Needs Geographic HPSA,Geographic Population,15,18,3000:1,3.2,17795,5561:1,2.73,Designated,4/2/1993,8/27/2021,1/17/2023
Primary Care,MSSA 206/Cloverdale,1061170150,Sonoma,Geographic HPSA,Geographic Population,10,NA,3500:1,1.75,13687,7821:1,2.16,Proposed For Withdrawal,1/8/1979,9/10/2021,1/17/2023
Primary Care,MSSA 77.1a/Palmdale Central,1061321657,Los Angeles,Geographic HPSA,Geographic Population,9,13,3500:1,27.5,101329,3685:1,1.45,Designated,4/15/2022,4/15/2022,1/17/2023
Primary Care,MSSA 145.2/Adelanto/Victorville Northwest,1061345930,San Bernardino,High Needs Geographic HPSA,Geographic Population,19,NA,3000:1,4,54088,13522:1,14.03,Proposed For Withdrawal,4/8/2013,9/10/2021,1/17/2023
Primary Care,MSSA 153.1/Pala,1061429842,San Diego,Geographic HPSA,Geographic Population,11,NA,3500:1,0,7045,,2.01,Proposed For Withdrawal,1/12/1981,9/10/2021,1/17/2023
Primary Care,LI-MFW/MSSA 230/Tipton/Tulare/Woodville,1061437364,Tulare,HPSA Population,Low Income Migrant Farmworker Population HPSA,15,NA,3000:1,6.7,45765,6831:1,8.56,Proposed For Withdrawal,4/24/2017,9/10/2021,1/17/2023
Primary Care,MSSA 122/125 - Greenville/Chester,1061473644,Plumas,Geographic HPSA,Geographic Population,12,14,3500:1,1.75,6271,3583:1,0.04,Designated,3/14/2022,3/14/2022,1/17/2023
Primary Care,MSSA 29/Herndon/Kerman,1061550948,Fresno,High Needs Geographic HPSA,Geographic Population,18,18,3000:1,2.85,51049,17912:1,14.17,Designated,6/22/2022,6/22/2022,1/17/2023
Primary Care,Low Income/MFW/Homeless - MSSA 135a/Eastside,1061553585,Riverside,HPSA Population,Low Income Homeless Migrant Farmworker Population HPSA,13,NA,3000:1,0,56787,,18.93,Proposed For Withdrawal,12/30/2013,9/10/2021,1/17/2023
Primary Care,LI-MSSA 78.2iiii/Gardena Southeast,1061563425,Los Angeles,HPSA Population,Low Income Population HPSA,16,NA,3000:1,1.49,38352,25740:1,11.29,Proposed For Withdrawal,5/15/2014,9/10/2021,1/17/2023
Primary Care,MSSA 158.2/San Diego County Estates,1061595046,San Diego,Geographic HPSA,Geographic Population,11,NA,3500:1,0,10648,,3.04,Proposed For Withdrawal,7/11/2008,9/10/2021,1/17/2023
Primary Care,ME-MSSA 113/Grass Valley,1061639091,Nevada,HPSA Population,Medicaid Eligible Population HPSA,6,NA,3000:1,4.61,18216,3951:1,1.46,Proposed For Withdrawal,10/25/2018,3/30/2022,1/17/2023
Primary Care,MSSA 87.2 & 89/Mendocino/Fort Bragg,1061646893,Mendocino,Geographic HPSA,Geographic Population,10,NA,3500:1,5.1,18121,3553:1,0.08,Proposed For Withdrawal,8/27/2015,9/10/2021,1/17/2023
Primary Care,MSSA 123.1 - Bucks Lake/Cromberg/East Quincy/Greenhorn,1061756024,Plumas,Geographic HPSA,Geographic Population,13,14,3500:1,1.375,6328,4602:1,0.435,Designated,7/29/2022,7/29/2022,1/17/2023
Primary Care,MSSA 24/South Lake Tahoe,1061763627,El Dorado,Geographic HPSA,Geographic Population,9, 7,3500:1,10.725,53203,4961:1,4.475,Designated,6/22/2022,6/22/2022,1/17/2023
Primary Care,Low Income/Migrant FW - MSSA 109.1/Prunedale,1061778616,Monterey,HPSA Population,Low Income Migrant Farmworker Population HPSA,13,NA,3000:1,0,15958,,5.32,Proposed For Withdrawal,5/7/2014,9/10/2021,1/17/2023
Primary Care,Low Income - MSSA 133.3/Glen Valley,1061795726,Riverside,HPSA Population,Low Income Population HPSA,16,NA,3000:1,0,13471,,4.49,Proposed For Withdrawal,8/12/2013,9/10/2021,1/17/2023
Primary Care,MSSA 23.2-Camino/Pollock Pines,1061947947,El Dorado,Geographic HPSA,Geographic Population,15,NA,3500:1,0.8,23705,29631:1,5.97,Proposed For Withdrawal,11/29/2017,9/10/2021,1/17/2023
Primary Care,LI - MSSA 78.2d/City Terrace East,1061952432,Los Angeles,HPSA Population,Low Income Population HPSA,11,13,3000:1,11.496,45420,3951:1,3.644,Designated,9/1/2022,9/1/2022,1/17/2023
Primary Care,ME-MSSA 92 Covelo/Dos Rios,1061980148,Mendocino,HPSA Population,Medicaid Eligible Population HPSA,17,NA,3000:1,0.0368,1261,34266:1,0.3832,Proposed For Withdrawal,7/18/2018,3/30/2022,1/17/2023
Primary Care,LI/MFW-MSSA 249/Marysville,1062092319,Yuba,HPSA Population,Low Income Migrant Farmworker Population HPSA,15,NA,3000:1,4.97,32629,6565:1,5.91,Proposed For Withdrawal,11/30/1993,9/10/2021,1/17/2023
Primary Care,ME-MSSA 180.1/Orcutt/Santa Maria,1062140915,Santa Barbara,HPSA Population,Medicaid Eligible Population HPSA,12, 5,3000:1,15.96,65254,4089:1,5.79,Designated,7/8/2020,7/8/2020,1/17/2023
Primary Care,LI-MSSA 241a/Oxnard South,1062156786,Ventura,HPSA Population,Low Income Population HPSA,15,NA,3000:1,1.17,39119,33435:1,11.87,Proposed For Withdrawal,4/13/2018,9/10/2021,1/17/2023
Primary Care,MSSA 8-Magalia/Paradise/Stirling City,1062210541,Butte,Geographic HPSA,Geographic Population,15,15,3500:1,3.375,40625,12037:1,8.235,Designated,3/15/2022,3/15/2022,1/17/2023
Primary Care,MSSA 77.2/Lake Los Angeles,1062218238,Los Angeles,Geographic HPSA,Geographic Population,17,18,3500:1,0,18283,,5.22,Designated,7/6/2022,7/6/2022,1/17/2023
Primary Care,MSSA 30/Kingsburg/Selma,1062231369,Fresno,High Needs Geographic HPSA,Geographic Population,11,18,3000:1,20.3,92487,4556:1,10.53,Designated,3/15/2022,3/15/2022,1/17/2023
Primary Care,MSSA 78.2r/Inglewood East,1062321680,Los Angeles,High Needs Geographic HPSA,Geographic Population,13,NA,3000:1,6.88,79479,11552:1,19.61,Proposed For Withdrawal,8/7/2013,9/10/2021,1/17/2023
Primary Care,MSSA 39 &amp; 40 - Arcata/Eureka,1062328888,Humboldt,High Needs Geographic HPSA,Geographic Population,9,15,3000:1,27.8,94800,3410:1,3.8,Designated,1/31/2022,1/31/2022,1/17/2023
Primary Care,MSSAs 227.1 and 227.2/Dinuba-Orosi,1062365138,Tulare,High Needs Geographic HPSA,Geographic Population,15,20,3000:1,7.175,53940,7518:1,10.805,Designated,6/22/2022,6/22/2022,1/17/2023
Primary Care,ME - MSSA 159/Campo,1062413372,San Diego,HPSA Population,Medicaid Eligible Population HPSA,17, 8,3000:1,0,3166,,1.06,Designated,11/27/2020,11/27/2020,1/17/2023
Primary Care,MSSA 200/Dorris,1062429945,Siskiyou,High Needs Geographic HPSA,Geographic Population,14,17,3000:1,0,1711,,0.57,Designated,3/3/2022,3/3/2022,1/17/2023
Primary Care,MSSAs 27 &amp; 28/Coalinga/Huron,1062436640,Fresno,High Needs Geographic HPSA,Geographic Population,16,20,3000:1,3.125,25539,8172:1,5.385,Designated,6/22/2022,6/22/2022,1/17/2023
Primary Care,Low Income - MSSA 97.1 & 97.2/Merced Central,1062543743,Merced,HPSA Population,Low Income Population HPSA,14,NA,3000:1,0,53548,,17.85,Proposed For Withdrawal,6/4/2009,9/10/2021,1/17/2023
Primary Care,MSSA 12/Calaveras County/Angels Camp,1062545418,Calaveras,Geographic HPSA,Geographic Population,8,NA,3500:1,13.87,51584,3719:1,0.87,Proposed For Withdrawal,10/14/2005,9/10/2021,1/17/2023
Primary Care,LI-MSSA 78.2c/Bell NE,1062637154,Los Angeles,HPSA Population,Low Income Population HPSA,16,14,3000:1,9.5342,60229,6317:1,10.5458,Designated,7/29/2022,7/29/2022,1/17/2023
Primary Care,LI/MFW - MSSA 95/Ballico/Delhi/Livingston,1062665676,Merced,HPSA Population,Low Income Migrant Farmworker Population HPSA,16,15,3000:1,0.9713,20117,20711:1,5.7387,Designated,3/14/2022,3/14/2022,1/17/2023
Primary Care,MSSA 228.1/Woodlake/Ivanhoe,1062676407,Tulare,High Needs Geographic HPSA,Geographic Population,16,20,3000:1,2,16283,8142:1,3.43,Designated,3/3/2022,3/3/2022,1/17/2023
Primary Care,MSSA 114 &amp; 117/Truckee/Dollar Point,1062720461,Placer,Geographic HPSA,Geographic Population,6, 6,3500:1,8.765,31036,3541:1,0.105,Designated,3/14/2022,3/14/2022,1/17/2023
Primary Care,MSSA 11 - Berry Creek,1062752511,Butte,Geographic HPSA,Geographic Population,16,17,3500:1,0,4660,,1.33,Designated,12/17/2021,12/17/2021,1/17/2023
Primary Care,MSSA 59/Buttonwillow,1062831224,Kern,Geographic HPSA,Geographic Population,12,NA,3500:1,0.4,3799,9498:1,0.69,Proposed For Withdrawal,2/4/1997,9/10/2021,1/17/2023
Primary Care,LI/MFW - MSSA 195/Yreka/Montague/Grenada/Gazelle/Hilt/Hornbrook,1062836588,Siskiyou,HPSA Population,Low Income Migrant Farmworker Population HPSA,15,10,3000:1,0.847,6767,7989:1,1.413,Designated,10/4/2022,10/4/2022,1/17/2023
Primary Care,MSSA 63/Lake Isabella,1062916949,Kern,High Needs Geographic HPSA,Geographic Population,17,19,3000:1,2.4,15346,6394:1,2.72,Designated,8/30/2011,9/10/2021,1/17/2023
Primary Care,MSSA 93.4/Talmage,1063081058,Mendocino,High Needs Geographic HPSA,Geographic Population,15,NA,3000:1,0,4339,,1.45,Proposed For Withdrawal,5/15/2014,9/10/2021,1/17/2023
Primary Care,MSSA 96/Atwater,1063197836,Merced,High Needs Geographic HPSA,Geographic Population,5,NA,3000:1,14.8,50566,3417:1,2.06,Proposed For Withdrawal,12/17/2008,9/10/2021,1/17/2023
Primary Care,MSSA 140/Hollister,1063258202,San Benito,Geographic HPSA,Geographic Population,7, 9,3500:1,11.95,59218,4955:1,4.97,Designated,3/18/2022,3/18/2022,1/17/2023
Primary Care,LI - MSSA 129.2/Indio North,1063310279,Riverside,HPSA Population,Low Income Population HPSA,15,14,3000:1,0,22119,,7.37,Designated,3/18/2022,3/18/2022,1/17/2023
Primary Care,Low Income - MSSA 150/Baker,1063319189,San Bernardino,HPSA Population,Low Income Population HPSA,16,16,3000:1,0,5018,,1.67,Designated,1/3/2012,9/10/2021,1/17/2023
Primary Care,MSSA 226/Kettenpom,1063340266,Trinity,High Needs Geographic HPSA,Geographic Population,16,14,3000:1,0.13,894,6877:1,0.17,Designated,4/2/1993,9/10/2021,1/17/2023
Primary Care,MSSA 145.3/Lucerne Valley,1063381373,San Bernardino,Geographic HPSA,Geographic Population,15,NA,3500:1,0,4845,,1.38,Proposed For Withdrawal,5/15/2014,9/10/2021,1/17/2023
Primary Care,LI/MFW MSSA 105-King City/San Lucas,1063384928,Monterey,HPSA Population,Low Income Migrant Farmworker Population HPSA,14,17,3000:1,1.906,11378,5970:1,1.884,Designated,8/3/2022,8/3/2022,1/17/2023
Primary Care,MSSA 229/Three Rivers,1063398263,Tulare,Geographic HPSA,Geographic Population,14,NA,3500:1,0,5178,,1.73,Proposed For Withdrawal,5/16/1985,9/10/2021,1/17/2023
Primary Care,LI-MSSA 151k Highland/San Bernardino East,1063399039,San Bernardino,HPSA Population,Low Income Population HPSA,18,15,3000:1,2.65,65179,24596:1,19.08,Designated,10/24/2022,10/24/2022,1/17/2023
Primary Care,ME - MSSA/130 Idyllwild/Pine Cove,1063435357,Riverside,HPSA Population,Medicaid Eligible Population HPSA,16, 5,3000:1,0,3980,,1.33,Designated,11/20/2020,11/20/2020,1/17/2023
Primary Care,ME MSSA 37 - Artois/Elk Creek/Glenn/Grindstone Indian Ranche,1063484351,Glenn,HPSA Population,Medicaid Eligible Population HPSA,12,11,3000:1,1,4473,4473:1,0.49,Designated,11/20/2020,11/20/2020,1/17/2023
Primary Care,LI-MSSA 65-Boron/California City,1063588460,Kern,HPSA Population,Low Income Population HPSA,18,17,3000:1,0.5,19103,38206:1,5.87,Designated,12/31/2018,9/10/2021,1/17/2023
Primary Care,Low Income - MSSA 78.2g/Hollywood E,1063604390,Los Angeles,HPSA Population,Low Income Population HPSA,13,NA,3000:1,0.11,66584,605309:1,22.08,Proposed For Withdrawal,6/2/2011,9/10/2021,1/17/2023
Primary Care,LI-MSSA 78.2s/South Central Southwest,1063645969,Los Angeles,HPSA Population,Low Income Population HPSA,19,13,3000:1,3.24,57417,17721:1,15.9,Designated,5/23/2014,9/10/2021,1/17/2023
Primary Care,MSSA 118/Colfax,1063697934,Placer,Geographic HPSA,Geographic Population,9,NA,3500:1,4,14212,3553:1,0.06,Proposed For Withdrawal,6/30/1999,9/10/2021,1/17/2023
Primary Care,MSSAs 234.2/236-Sonora/E Sonora,1063722356,Tuolumne,Geographic HPSA,Geographic Population,11,NA,3500:1,11.73,54777,4670:1,6.53,Proposed For Withdrawal,3/20/2017,9/10/2021,1/17/2023
Primary Care,"MSSA 46, 47, 50/East Imperial",1063742856,Imperial,High Needs Geographic HPSA,Geographic Population,10,18,3000:1,13.8,42420,3074:1,0.34,Designated,3/24/2022,3/24/2022,1/17/2023
Primary Care,LI/MFW - MSSA 184/Freedom/Watsonville,1063753554,Santa Cruz,HPSA Population,Low Income Migrant Farmworker Population HPSA,8,12,3000:1,9.1976,29753,3235:1,0.7224,Designated,2/23/2022,2/23/2022,1/17/2023
Primary Care,MSSA 71.1 Clearlake/Clearlake Oaks,1063761828,Lake,High Needs Geographic HPSA,Geographic Population,9,20,3000:1,5.8,23144,3990:1,1.91,Designated,4/25/2022,4/25/2022,1/17/2023
Primary Care,Sierra County,1063775173,Sierra,Geographic HPSA,Geographic Population,10,13,3500:1,0.775,3013,3888:1,0.085,Designated,7/26/2022,7/26/2022,1/17/2023
Primary Care,Low Income/Homeless-MSSA 78.2z/Venice/Santa Monica S,1063826101,Los Angeles,HPSA Population,Low Income Homeless Population HPSA,11,NA,3000:1,0,26466,,8.82,Proposed For Withdrawal,9/30/1996,9/10/2021,1/17/2023
Primary Care,MSSA 58.1/Shafter,1063922649,Kern,High Needs Geographic HPSA,Geographic Population,14,20,3000:1,5.6,24338,4346:1,2.51,Designated,1/31/2022,1/31/2022,1/17/2023
Primary Care,Low Income - MSSA 78.2sss/Downey Southwest,1063950088,Los Angeles,HPSA Population,Low Income Population HPSA,4,NA,3000:1,12.36,42004,3398:1,1.64,Proposed For Withdrawal,5/15/2014,9/10/2021,1/17/2023
Primary Care,MSSA 10/Oroville,1063974127,Butte,High Needs Geographic HPSA,Geographic Population,15,14,3000:1,9.8,49485,5049:1,6.7,Designated,3/14/2022,3/14/2022,1/17/2023
Primary Care,MSSA 132 & 133.2/Hemet/San Jacinto,1064006815,Riverside,High Needs Geographic HPSA,Geographic Population,9,NA,3000:1,43.14,173639,4025:1,14.74,Proposed For Withdrawal,5/29/2003,9/10/2021,1/17/2023
Primary Care,MSSA 203.2/Rio Vista,1064086867,Solano,Geographic HPSA,Geographic Population,12,NA,3500:1,0,10437,,3.48,Proposed For Withdrawal,3/6/2014,9/10/2021,1/17/2023
Primary Care,Low Income - MSSA 116r/Garden Grove N./Stanton,1064097715,Orange,HPSA Population,Low Income Population HPSA,12,NA,3000:1,0,53127,,17.71,Proposed For Withdrawal,1/10/2012,9/10/2021,1/17/2023
Primary Care,MSSA 148/Wrightwood,1064154708,San Bernardino,Geographic HPSA,Geographic Population,11,NA,3500:1,0,6844,,1.96,Proposed For Withdrawal,11/6/2012,9/10/2021,1/17/2023
Primary Care,Low Income - MSSA 214/Hughson,1064165364,Stanislaus,HPSA Population,Low Income Population HPSA,10,NA,3000:1,2.37,21412,9035:1,4.77,Proposed For Withdrawal,12/27/2012,9/10/2021,1/17/2023
Primary Care,Low Income - MSSAs 122/125/Greenville/Chester,1064205088,Plumas,HPSA Population,Low Income Population HPSA,11,NA,3000:1,0,2440,,0.81,Proposed For Withdrawal,1/24/2003,9/10/2021,1/17/2023
Primary Care,Low Income - MSSA 78.2oo/El Monte,1064221977,Los Angeles,HPSA Population,Low Income Population HPSA,13,NA,3000:1,0,58292,,19.43,Proposed For Withdrawal,11/4/2010,9/10/2021,1/17/2023
Primary Care,"LI-MSSA 72,75/Susanville/Westwood",1064337394,Lassen,HPSA Population,Low Income Population HPSA,17,NA,3000:1,0.5798,6016,10376:1,1.4302,Proposed For Withdrawal,4/13/2018,9/10/2021,1/17/2023
Primary Care,MSSA 79.1-Oakhurst- Yosemite Lakes,1064361419,Madera,Geographic HPSA,Geographic Population,12,13,3500:1,6.08,33123,5448:1,3.38,Designated,3/7/2022,3/7/2022,1/17/2023
Primary Care,MSSA 78.2r - Inglewood East,1064418442,Los Angeles,Geographic HPSA,Geographic Population,11,12,3500:1,9.88,76951,7789:1,12.11,Designated,8/22/2022,8/22/2022,1/17/2023
Primary Care,Low Income - MSSA 78.2vv/Los Nietos/Santa Fe Springs,1064495167,Los Angeles,HPSA Population,Low Income Population HPSA,11,NA,3000:1,0,32682,,10.89,Proposed For Withdrawal,11/5/2012,9/10/2021,1/17/2023
Primary Care,ME - MSSA 161h/El Cajon Central and South/Fletcher Hills,1064544351,San Diego,HPSA Population,Medicaid Eligible Population HPSA,13, 6,3000:1,10.17,45249,4449:1,4.91,Designated,10/19/2020,10/19/2020,1/17/2023
Primary Care,LI/MFW - MSSA 221/Red Bluff,1064567269,Tehama,HPSA Population,Low Income Migrant Farmworker Population HPSA,15,14,3000:1,1.7497,17253,9861:1,4.0003,Designated,1/20/2022,1/20/2022,1/17/2023
Primary Care,MSSA 187/Castella/Lakehead/O,1064596185,Shasta,High Needs Geographic HPSA,Geographic Population,13,12,3000:1,0,1623,,0.54,Designated,4/13/2017,9/10/2021,1/17/2023
Primary Care,MSSA 123.2 &amp; 124- Portola and Graeagle,1064612217,Plumas,Geographic HPSA,Geographic Population,15,NA,3500:1,0,5735,,1.64,Designated,11/17/2022,11/17/2022,1/17/2023
Primary Care,LI-MSSA 78.2l/Exposition Park/Leimert Park,1064693976,Los Angeles,HPSA Population,Low Income Population HPSA,12,NA,3000:1,12.76,62028,4861:1,7.92,Proposed For Withdrawal,6/4/2009,9/10/2021,1/17/2023
Primary Care,Low Income - MSSA 116g/Santa Ana S,1064704729,Orange,HPSA Population,Low Income Population HPSA,11,NA,3000:1,0,64510,,21.5,Proposed For Withdrawal,4/27/2011,9/10/2021,1/17/2023
Primary Care,MSSA 62/Tehachapi,1064734033,Kern,High Needs Geographic HPSA,Geographic Population,11,15,3000:1,5.025,31480,6265:1,5.465,Designated,12/15/2011,9/10/2021,1/17/2023
Primary Care,MSSA 35b-Clovis West-Fresno East,1064737800,Fresno,Geographic HPSA,Geographic Population,12,NA,3500:1,8.07,103654,12844:1,21.55,Proposed For Withdrawal,9/12/2016,9/10/2021,1/17/2023
Primary Care,LI - MSSA 78.2bb/North Hollywood Central a,1064753503,Los Angeles,HPSA Population,Low Income Population HPSA,16,11,3000:1,6.6268,43422,6552:1,7.8432,Designated,7/29/2022,7/29/2022,1/17/2023
Primary Care,LI/MFW-MSSA 197/198/199/Mount Shasta/Dunsm,1064761900,Siskiyou,HPSA Population,Low Income Migrant Farmworker Population HPSA,9,NA,3000:1,2.04,7084,3473:1,0.32,Proposed For Withdrawal,12/22/2008,9/10/2021,1/17/2023
Primary Care,ME-MSSA 78.2v/Carson,1064771166,Los Angeles,HPSA Population,Medicaid Eligible Population HPSA,13, 1,3000:1,4.1,56943,13889:1,14.88,Designated,5/7/2020,5/7/2020,1/17/2023
Primary Care,MSSA 3/Markleeville,1064812935,Alpine,Geographic HPSA,Geographic Population,9, 8,3500:1,0,1039,,0.3,Designated,5/20/2008,9/10/2021,1/17/2023
Primary Care,LI-MSSA 78.2q/Inglewood West,1064834989,Los Angeles,HPSA Population,Low Income Population HPSA,8, 8,3000:1,11.02,33604,3049:1,0.18,Designated,8/31/2018,9/10/2021,1/17/2023
Primary Care,Modoc County,1064838012,Modoc,High Needs Geographic HPSA,Geographic Population,15,20,3000:1,1.075,8603,8003:1,1.795,Designated,9/15/2017,9/10/2021,1/17/2023
Primary Care,MSSA 78.2mmm/Downtown Southeast,1064878476,Los Angeles,High Needs Geographic HPSA,Geographic Population,17,13,3000:1,16.45,108949,6623:1,19.87,Designated,8/22/2022,8/22/2022,1/17/2023
Primary Care,MSSA 78.2bbb/Compton East,1064966205,Los Angeles,High Needs Geographic HPSA,Geographic Population,18,NA,3000:1,8.58,91293,10640:1,21.85,Proposed For Withdrawal,3/21/2014,9/10/2021,1/17/2023
Primary Care,MSSA 25/Firebaugh,1064972530,Fresno,High Needs Geographic HPSA,Geographic Population,17,20,3000:1,4.6,23240,5052:1,3.15,Designated,7/20/2022,7/20/2022,1/17/2023
Primary Care,ME MSSA 211 - Oakdale/Riverbank,1065027921,Stanislaus,HPSA Population,Medicaid Eligible Population HPSA,13, 5,3000:1,3.49,18788,5383:1,2.77,Designated,10/19/2020,10/19/2020,1/17/2023
Primary Care,Low Income - MSSA 161l/Lemon Grove South,1065039958,San Diego,HPSA Population,Low Income Population HPSA,10,NA,3000:1,0,29598,,9.87,Proposed For Withdrawal,3/18/2014,9/10/2021,1/17/2023
Primary Care,LI/H/MFW - MSSA 169b/Stockton South/Stockton Southeast,1065051535,San Joaquin,HPSA Population,Low Income Homeless Migrant Farmworker Population HPSA,12,14,3000:1,21.3227,82612,3874:1,6.2173,Designated,3/14/2022,3/14/2022,1/17/2023
Primary Care,LI-MSSA 78.2ss/Pomona Central,1065074621,Los Angeles,HPSA Population,Low Income Population HPSA,10,14,3000:1,18.03,57709,3201:1,1.21,Designated,8/22/2002,9/10/2021,1/17/2023
Primary Care,MSSA 231/Porterville/Alpaugh,1065081974,Tulare,High Needs Geographic HPSA,Geographic Population,11,20,3000:1,23.8,100882,4239:1,9.83,Designated,9/30/1992,9/10/2021,1/17/2023
Primary Care,LI-MFW/MSSA 186 Anderson,1065204755,Shasta,HPSA Population,Low Income Migrant Farmworker Population HPSA,14, 9,3000:1,1.8665,13285,7118:1,2.5635,Designated,3/3/2022,3/3/2022,1/17/2023
Primary Care,LI - MSSA 78.2ooo/Paramount North/Willowbrook,1065225886,Los Angeles,HPSA Population,Low Income Population HPSA,17,13,3000:1,6.4755,68164,10526:1,16.2445,Designated,7/18/2022,7/18/2022,1/17/2023
Primary Care,ME - MSSA 219/Paskenta/Rancho Tehama,1065294205,Tehama,HPSA Population,Medicaid Eligible Population HPSA,10,12,3000:1,0,1425,,0.48,Designated,11/27/2020,11/27/2020,1/17/2023
Primary Care,MSSA 220/Dairyville/Paynes Creek,1065307746,Tehama,High Needs Geographic HPSA,Geographic Population,15,17,3000:1,0,4829,,1.61,Designated,8/20/2009,9/10/2021,1/17/2023
Primary Care,LI - MSSA 78.2ppp Pacoima East/Sun Valley,1065355600,Los Angeles,HPSA Population,Low Income Population HPSA,17,10,3000:1,4.3466,45359,10436:1,10.7734,Designated,9/30/2022,9/30/2022,1/17/2023
Primary Care,MSSA 44/Garberville/Redway,1065396750,Humboldt,High Needs Geographic HPSA,Geographic Population,13,NA,3000:1,1.55,7555,4874:1,0.97,Proposed For Withdrawal,3/31/1999,9/10/2021,1/17/2023
Primary Care,LI - MSSA 78.2fff/Firestone/Florence South,1065424507,Los Angeles,HPSA Population,Low Income Population HPSA,10,13,3000:1,25.806,85390,3309:1,2.654,Designated,9/28/2022,9/28/2022,1/17/2023
Primary Care,MSSA 144.2 &amp; 144.3/Joshua Tree/Cadiz,1065484301,San Bernardino,High Needs Geographic HPSA,Geographic Population,9,17,3000:1,18.73,60766,3244:1,1.53,Designated,3/3/2022,3/3/2022,1/17/2023
Primary Care,MSSA 126 &amp; 127/Blythe/Chiriaco Summit,1065493371,Riverside,High Needs Geographic HPSA,Geographic Population,11,13,3000:1,4.7,16528,3517:1,0.81,Designated,3/3/2022,3/3/2022,1/17/2023
Primary Care,Low Income/MFW - MSSA 237/Santa Paula,1065521984,Ventura,HPSA Population,Low Income Migrant Farmworker Population HPSA,10,NA,3000:1,6.56,29000,4421:1,3.11,Proposed For Withdrawal,3/31/1998,9/10/2021,1/17/2023
Primary Care,MSSAs 212.2/212.3/213/Keyes/Salida/Crows Landin,1065523183,Stanislaus,Geographic HPSA,Geographic Population,12,NA,3500:1,14,81483,5820:1,9.28,Proposed For Withdrawal,2/3/2009,9/10/2021,1/17/2023
Primary Care,LI - MSSA 42 - Fortuna,1065526651,Humboldt,HPSA Population,Low Income Homeless Migrant Farmworker Population HPSA,16,15,3000:1,0.3444,10878,31585:1,3.2856,Designated,1/31/2022,1/31/2022,1/17/2023
Primary Care,MSSA 9-Biggs/East Biggs/Gridley,1065591045,Butte,Geographic HPSA,Geographic Population,15,15,3500:1,0,16578,,4.74,Designated,1/14/2022,1/14/2022,1/17/2023
Primary Care,MSSA 22/Georgetown N El Dorado,1065594606,El Dorado,Geographic HPSA,Geographic Population,14,11,3500:1,0,11425,,3.26,Designated,5/30/1979,9/10/2021,1/17/2023
Primary Care,MSSA 154/Barona/Moreno,1065632711,San Diego,Geographic HPSA,Geographic Population,11,NA,3500:1,0,2788,,0.8,Proposed For Withdrawal,8/5/2008,9/10/2021,1/17/2023
Primary Care,MSSA 120/Foresthill,1065659120,Placer,Geographic HPSA,Geographic Population,13,10,3500:1,1,6888,6888:1,0.97,Designated,6/5/1980,9/10/2021,1/17/2023
Primary Care,MSSA 7.3/Butte Meadows/Forest Ranch,1065749241,Butte,Geographic HPSA,Geographic Population,11,NA,3500:1,1,4877,4877:1,0.39,Proposed For Withdrawal,1/23/2009,9/10/2021,1/17/2023
Primary Care,MSSA 79.2/Chowchilla,1065776270,Madera,High Needs Geographic HPSA,Geographic Population,10,18,3000:1,3.975,15066,3790:1,1.045,Designated,12/17/2021,12/17/2021,1/17/2023
Primary Care,MSSA 111.3/Berryessa,1065828111,Napa,Geographic HPSA,Geographic Population,8,NA,3500:1,0,1662,,0.47,Proposed For Withdrawal,5/13/2008,9/10/2021,1/17/2023
Primary Care,MSSA 194/Etna,1065856521,Siskiyou,Geographic HPSA,Geographic Population,17,16,3500:1,0.48,5358,11163:1,1.05,Designated,10/2/1978,9/10/2021,1/17/2023
Primary Care,MSSA 78.2k/South Central Northwest,1065904255,Los Angeles,High Needs Geographic HPSA,Geographic Population,18,11,3000:1,1,79290,79290:1,25.43,Designated,7/20/2022,7/20/2022,1/17/2023
Primary Care,MSSA 38 Hoopa-Willow Creek,1065906694,Humboldt,High Needs Geographic HPSA,Geographic Population,14,18,3000:1,5,20428,4086:1,1.81,Designated,3/7/2022,3/7/2022,1/17/2023
Primary Care,Low Income/Migrant Farmworkers - MSSA 88/Anchor Ba,1065948139,Mendocino,HPSA Population,Low Income Migrant Farmworker Population HPSA,13,NA,3000:1,0.14,1165,8321:1,0.25,Proposed For Withdrawal,8/10/2007,9/10/2021,1/17/2023
Primary Care,MSSA 136/Galt,1065949385,Sacramento,Geographic HPSA,Geographic Population,9,NA,3500:1,4.165,37828,9082:1,6.645,Proposed For Withdrawal,8/28/2017,9/10/2021,1/17/2023
Primary Care,ME MSSA 142 - Argus/Borosalvay/Trona,1065954110,San Bernardino,HPSA Population,Medicaid Eligible Population HPSA,10, 7,3000:1,0,748,,0.25,Designated,11/12/2020,11/12/2020,1/17/2023
Primary Care,MSSA 232/Springville,1066120275,Tulare,Geographic HPSA,Geographic Population,16,17,3500:1,1,5173,5173:1,0.48,Designated,11/16/1979,9/10/2021,1/17/2023
Primary Care,LI/MFW - MSSA 228.2/Exeter,1066236500,Tulare,HPSA Population,Low Income Migrant Farmworker Population HPSA,19,15,3000:1,2.1856,28164,12886:1,7.2044,Designated,6/22/2022,6/22/2022,1/17/2023
Primary Care,ME - MSSA109.2/Salinas,1066239102,Monterey,HPSA Population,Medicaid Eligible Population HPSA,16, 7,3000:1,9.153,96399,10532:1,22.977,Designated,12/23/2019,3/22/2022,1/17/2023
Primary Care,Low Income - MSSA 145.1b/Apple Valley,1066279576,San Bernardino,HPSA Population,Low Income Population HPSA,16,NA,3000:1,0,47533,,15.84,Proposed For Withdrawal,4/2/2013,9/10/2021,1/17/2023
Primary Care,MSSA 48 El Centro,1066321356,Imperial,High Needs Geographic HPSA,Geographic Population,11,18,3000:1,23.41,87253,3727:1,5.67,Designated,7/27/2017,9/10/2021,1/17/2023
Primary Care,MSSA 57.1/Fort Tejon,1066378173,Kern,Geographic HPSA,Geographic Population,17,17,3500:1,0,7676,,2.19,Designated,3/5/1978,9/10/2021,1/17/2023
Primary Care,ME-MSSA 78.2nnn/Crenshaw/Culver City East,1066475408,Los Angeles,HPSA Population,Medicaid Eligible Population HPSA,17,NA,3000:1,3.55,56235,15841:1,15.19,Proposed For Withdrawal,10/25/2018,3/30/2022,1/17/2023
Primary Care,MSSA 146/Big Bear Lake,1066475602,San Bernardino,Geographic HPSA,Geographic Population,13,12,3500:1,3.95,26087,6604:1,3.5,Designated,12/18/2009,9/10/2021,1/17/2023
Primary Care,MSSA 149/Barstow,1066477035,San Bernardino,High Needs Geographic HPSA,Geographic Population,16,16,3000:1,9.45,52374,5542:1,8.01,Designated,10/11/2017,8/27/2021,1/17/2023
Primary Care,MSSA 196/Tulelake,1066503038,Siskiyou,High Needs Geographic HPSA,Geographic Population,12,NA,3000:1,0,1410,,0.47,Proposed For Withdrawal,4/15/1994,9/10/2021,1/17/2023
Primary Care,MSSA 247/Browns Valley,1066503651,Yuba,Geographic HPSA,Geographic Population,17,NA,3500:1,0,4580,,1.31,Proposed For Withdrawal,9/30/1998,9/10/2021,1/17/2023
Primary Care,LI-MSSA 64 Ridgecrest,1066528502,Kern,HPSA Population,Low Income Population HPSA,14,15,3000:1,1.7326,11352,6552:1,2.0474,Designated,8/2/2018,8/18/2021,1/17/2023
Primary Care,Low Income - MSSA 167/Lockeford,1066531980,San Joaquin,HPSA Population,Low Income Population HPSA,11,NA,3000:1,0,13610,,4.54,Proposed For Withdrawal,4/4/2014,9/10/2021,1/17/2023
Primary Care,LI-MSSA 188.2/Manton,1066582183,Shasta,HPSA Population,Low Income Population HPSA,15,NA,3000:1,0.012,2342,195167:1,0.768,Proposed For Withdrawal,4/24/2017,9/10/2021,1/17/2023
Primary Care,MSSA 61/Arvin,1066681348,Kern,High Needs Geographic HPSA,Geographic Population,14,20,3000:1,9.125,42448,4652:1,5.025,Designated,6/22/2022,6/22/2022,1/17/2023
Primary Care,MSSA 73/Bieber,1066701137,Lassen,Geographic HPSA,Geographic Population,10,NA,3500:1,0.3,1128,3760:1,0.08,Proposed For Withdrawal,4/24/2017,9/10/2021,1/17/2023
Primary Care,MSSA 188.1-Big Bend/Montgomery Creek/Oak Run,1066701732,Shasta,Geographic HPSA,Geographic Population,14,13,3500:1,0.775,5037,6499:1,0.665,Designated,6/22/2022,6/22/2022,1/17/2023
Primary Care,ME - MSSA 116c - Anaheim West,1066746762,Orange,HPSA Population,Medicaid Eligible Population HPSA,12, 5,3000:1,6.41,56521,8818:1,12.43,Designated,8/28/2020,8/28/2020,1/17/2023
Primary Care,LI-MFW-MSSA 176b/East Palo Alto,1066849879,San Mateo,HPSA Population,Low Income Migrant Farmworker Population HPSA,16,NA,3000:1,2.81,37158,13223:1,9.58,Proposed For Withdrawal,5/1/2017,9/10/2021,1/17/2023
Primary Care,MSSA 58.2 - Lost Hills/Wasco,1066884645,Kern,High Needs Geographic HPSA,Geographic Population,18,20,3000:1,0.15,26635,177567:1,8.73,Designated,1/31/2022,1/31/2022,1/17/2023
Primary Care,MSSA 77.1C/Lancaster Central/Palmdale North Central,1067042013,Los Angeles,High Needs Geographic HPSA,Geographic Population,10,16,3000:1,33.375,106575,3193:1,2.145,Designated,5/24/2022,5/24/2022,1/17/2023
Primary Care,MSSA 11/Berry Creek,1067111175,Butte,High Needs Geographic HPSA,Geographic Population,17,NA,3000:1,0,6051,,2.02,Proposed For Withdrawal,1/23/2012,9/10/2021,1/17/2023
Primary Care,MSSA 60 - Delano/McFarland,1067157353,Kern,High Needs Geographic HPSA,Geographic Population,16,20,3000:1,12.3,69129,5620:1,10.74,Designated,1/31/2022,1/31/2022,1/17/2023
Primary Care,ME - MSSA 107/Soledad,1067179884,Monterey,HPSA Population,Medicaid Eligible Population HPSA,14, 9,3000:1,2.9,27412,9452:1,6.24,Designated,8/28/2020,8/28/2020,1/17/2023
Primary Care,MSSA 143/Big River,1067180642,San Bernardino,High Needs Geographic HPSA,Geographic Population,17,18,3000:1,0,6640,,2.21,Designated,10/8/2010,9/10/2021,1/17/2023
Primary Care,MSSA 49/Calexico,1067195870,Imperial,Geographic HPSA,Geographic Population,13,19,3500:1,9.44,40948,4338:1,2.26,Designated,3/6/2007,9/10/2021,1/17/2023
Primary Care,LI-MSSA 161c/Downtown/Golden Hill,1067206989,San Diego,HPSA Population,Low Income Population HPSA,9,NA,3000:1,13.77,49058,3563:1,2.58,Proposed For Withdrawal,8/25/2000,9/10/2021,1/17/2023
Primary Care,MSSA 78.1/Avalon,1067315777,Los Angeles,Geographic HPSA,Geographic Population,17,10,3500:1,0,3926,,1.12,Designated,12/19/1984,9/10/2021,1/17/2023
Primary Care,MSSA 104-Big Sur,1067340878,Monterey,High Needs Geographic HPSA,Geographic Population,14,11,3000:1,0.3,1957,6523:1,0.35,Designated,7/28/2017,9/10/2021,1/17/2023
Primary Care,ME-MSSA 162f/Bayview/Candlestick/Hunters Point/Portola,1067342743,San Francisco,HPSA Population,Medicaid Eligible Population HPSA,14,NA,3000:1,2.53,42619,16845:1,11.68,Proposed For Withdrawal,3/20/2019,3/30/2022,1/17/2023
Primary Care,LI-MSSA 36.1/Orland,1067385327,Glenn,HPSA Population,Low Income Population HPSA,14,19,3000:1,0.912,6040,6623:1,1.098,Designated,3/21/2011,9/10/2021,1/17/2023
Primary Care,MSSA 85 & 86/Bootjack/Yosemite Valley,1067390965,Mariposa,Geographic HPSA,Geographic Population,10,NA,3500:1,5,17779,3556:1,0.08,Proposed For Withdrawal,5/13/2005,9/10/2021,1/17/2023
Primary Care,MSSA 26/San Joaquin,1067422699,Fresno,High Needs Geographic HPSA,Geographic Population,18,NA,3000:1,1,5768,5768:1,0.92,Proposed For Withdrawal,4/26/2017,9/10/2021,1/17/2023
Primary Care,"MSSAs 35c,35e/Fresno W Central/Fresno S & W",1067426263,Fresno,High Needs Geographic HPSA,Geographic Population,17,NA,3000:1,31.15,171735,5513:1,26.09,Proposed For Withdrawal,10/11/2016,9/10/2021,1/17/2023
Primary Care,MSSA 223 & 224/Junction City/Weaverville/Trinity C,1067437686,Trinity,Geographic HPSA,Geographic Population,12,NA,3500:1,2,9469,4735:1,0.71,Proposed For Withdrawal,4/2/1993,9/10/2021,1/17/2023
Primary Care,LI - MSSA 78.2bbbb/Gardena West,1067454920,Los Angeles,HPSA Population,Low Income Population HPSA,15,10,3000:1,1.9563,29849,15258:1,7.9937,Designated,7/29/2022,7/29/2022,1/17/2023
Primary Care,LI-MSSA 78.2m/Bellflower,1067471086,Los Angeles,HPSA Population,Low Income Homeless Population HPSA,12,NA,3000:1,11.78,46508,3948:1,3.72,Proposed For Withdrawal,3/12/2018,9/10/2021,1/17/2023
Primary Care,MSSAs 54 & 55 Big Pine/Lone Pine,1067508982,Inyo,Geographic HPSA,Geographic Population,14,14,3500:1,1,5224,5224:1,0.49,Designated,3/24/2010,9/10/2021,1/17/2023
Primary Care,Low Income - MSSA 70.1/70.2/Lakeport/Lucerne,1067557916,Lake,HPSA Population,Low Income Population HPSA,13,NA,3000:1,2.68,11038,4119:1,1,Proposed For Withdrawal,5/15/2014,9/10/2021,1/17/2023
Primary Care,ME MSSA 161d - Chollas Creek/City Heights/East San Diego/Nor,1067572116,San Diego,HPSA Population,Medicaid Eligible Population HPSA,10, 6,3000:1,9.8,47435,4840:1,6.01,Designated,10/19/2020,10/19/2020,1/17/2023
Primary Care,ME-MSSA 66b Bakersfield East,1067610788,Kern,HPSA Population,Medicaid Eligible Population HPSA,20,NA,3000:1,6.32,109409,17312:1,30.15,Proposed For Withdrawal,8/2/2018,3/30/2022,1/17/2023
Primary Care,MSSA 161g/Lemon Grove Northwest/National City East,1067612550,San Diego,High Needs Geographic HPSA,Geographic Population,6,NA,3000:1,28.84,97950,3396:1,3.81,Proposed For Withdrawal,11/27/2012,9/10/2021,1/17/2023
Primary Care,MSSA 31- Sanger,1067629425,Fresno,Geographic HPSA,Geographic Population,5,NA,3500:1,27.28,97012,3556:1,0.44,Proposed For Withdrawal,8/22/2016,9/10/2021,1/17/2023
Primary Care,ME-MSSA 189.3/Bella Vista/City of Shasta Lake,1067712235,Shasta,HPSA Population,Medicaid Eligible Population HPSA,14,NA,3000:1,1.01,6986,6917:1,1.32,Proposed For Withdrawal,7/18/2018,3/30/2022,1/17/2023
Primary Care,ME MSSA 145.1a/Hesperia West/Mountain View Acres,1067801088,San Bernardino,HPSA Population,Medicaid Eligible Population HPSA,15, 7,3000:1,19.52,98922,5068:1,13.45,Designated,10/8/2020,10/8/2020,1/17/2023
Primary Care,ME - MSSA 66c/Bakersfield Southwest,1067807236,Kern,HPSA Population,Medicaid Eligible Population HPSA,16, 6,3000:1,1.5462,63125,40826:1,19.4938,Designated,3/5/2021,3/5/2021,1/17/2023
Primary Care,MSSA 67 Avenal,1067809104,Kings,High Needs Geographic HPSA,Geographic Population,17,21,3000:1,0,11766,,3.92,Designated,4/5/2022,4/5/2022,1/17/2023
Primary Care,MSSA 2h-Hayward Northeast/San Leandro North Central,1067870961,Alameda,Geographic HPSA,Geographic Population,8,NA,3500:1,27.8,111733,4019:1,4.12,Proposed For Withdrawal,9/1/2017,9/10/2021,1/17/2023
Primary Care,MSSA 42/Fortuna,1068076979,Humboldt,High Needs Geographic HPSA,Geographic Population,12,NA,3000:1,5.13,25053,4884:1,3.22,Proposed For Withdrawal,12/9/2015,9/10/2021,1/17/2023
Primary Care,Low Income - MSSA 123.2 &124/Graeagle/Portola,1068105048,Plumas,HPSA Population,Low Income Population HPSA,14,NA,3000:1,0,2316,,0.77,Proposed For Withdrawal,2/24/2009,9/10/2021,1/17/2023
Primary Care,LI-MSSA 169a/Stockton North Central,1068106658,San Joaquin,HPSA Population,Low Income Homeless Migrant Farmworker Population HPSA,6,12,3000:1,13.6101,48071,3532:1,2.4099,Designated,7/19/2017,9/10/2021,1/17/2023
Primary Care,LI/MFW/Homeless - MSSA 190/Burney,1068261937,Shasta,HPSA Population,Low Income Homeless Migrant Farmworker Population HPSA,16,NA,3000:1,0.12,2831,23592:1,0.82,Designated,11/17/2022,11/17/2022,1/17/2023
Primary Care,MSSA 94/Los Banos,1068286734,Merced,Geographic HPSA,Geographic Population,7,18,3500:1,16,60795,3800:1,1.37,Designated,9/20/2018,9/10/2021,1/17/2023
Primary Care,ME-MSSA 78.2iii/North Long Beach,1068312500,Los Angeles,HPSA Population,Medicaid Eligible Population HPSA,18,NA,3000:1,4.35,51474,11833:1,12.81,Proposed For Withdrawal,11/15/2018,3/30/2022,1/17/2023
Primary Care,MSSA 90/Laytonville,1068318360,Mendocino,High Needs Geographic HPSA,Geographic Population,7,NA,3000:1,1.43,4592,3211:1,0.1,Proposed For Withdrawal,5/30/1978,9/10/2021,1/17/2023
Primary Care,Colusa County,1068364034,Colusa,Geographic HPSA,Geographic Population,9,15,3500:1,5.45,24753,4542:1,1.62,Designated,3/3/2022,3/3/2022,1/17/2023
Primary Care,ME-MSSA 78.2aaaa/Torrance East Central,1068375956,Los Angeles,HPSA Population,Medicaid Eligible Population HPSA,14,NA,3000:1,4.4062,32032,7270:1,6.2738,Proposed For Withdrawal,7/18/2018,3/30/2022,1/17/2023
Primary Care,MSSA 80/Madera,1068377660,Madera,High Needs Geographic HPSA,Geographic Population,15,NA,3000:1,17.375,102376,5892:1,16.755,Proposed For Withdrawal,9/26/2012,9/10/2021,1/17/2023
Primary Care,ME - MSSA 133.1/Perris,1068407506,Riverside,HPSA Population,Medicaid Eligible Population HPSA,9, 2,3000:1,7.04,65540,9310:1,14.81,Designated,8/28/2020,8/28/2020,1/17/2023
Primary Care,MSSA 78.2jjj/Long Beach West Central,1068471430,Los Angeles,High Needs Geographic HPSA,Geographic Population,14,NA,3000:1,14.775,113128,7657:1,22.935,Proposed For Withdrawal,12/15/2008,5/20/2022,1/17/2023
Primary Care,"MSSA 225/Hayfork, Forest Glen, Peanut",1068478818,Trinity,Geographic HPSA,Geographic Population,15,18,3500:1,0.25,3182,12728:1,0.66,Designated,8/18/2006,9/10/2021,1/17/2023
Primary Care,LI MFW MSSA 26 - San Joaquin,1068533720,Fresno,HPSA Population,Low Income Migrant Farmworker Population HPSA,17,17,3000:1,0.396,4916,12414:1,1.244,Designated,7/20/2022,7/20/2022,1/17/2023
Primary Care,MSSA 78.2ggg/South Central Northeast,1068543119,Los Angeles,High Needs Geographic HPSA,Geographic Population,13,13,3000:1,32.8,138940,4236:1,13.51,Designated,3/24/2022,3/24/2022,1/17/2023
Primary Care,MSSA 78.2oo - El Monte/Five Points,1068557161,Los Angeles,High Needs Geographic HPSA,Geographic Population,10,11,3000:1,29.05,99650,3430:1,4.17,Designated,10/11/2022,10/11/2022,1/17/2023
Primary Care,ME-MSSA 151f/Colton,1068584842,San Bernardino,HPSA Population,Medicaid Eligible Population HPSA,9,NA,3000:1,16.4582,73534,4468:1,8.0518,Designated,11/22/2022,11/22/2022,1/17/2023
Primary Care,LI-MSSA 78.2p/Long Beach Port,1068655132,Los Angeles,HPSA Population,Low Income Population HPSA,16,12,3000:1,7.5793,55581,7333:1,10.9507,Designated,12/27/2017,9/10/2021,1/17/2023
Primary Care,Low Income - MSSA 195/Yreka/Grenada,1068733800,Siskiyou,HPSA Population,Low Income Population HPSA,12,NA,3000:1,2.06,7998,3883:1,0.61,Proposed For Withdrawal,2/28/2001,9/10/2021,1/17/2023
Primary Care,ME - MSSA 116q/Anaheim East/City of Orange North/Placentia,1068734155,Orange,HPSA Population,Medicaid Eligible Population HPSA,13, 3,3000:1,0.3,43084,143613:1,14.06,Designated,3/5/2021,3/5/2021,1/17/2023
Primary Care,LI/MFW/H - MSSAs197/198/199/Weed/Dunsmuir/McCloud,1068771044,Siskiyou,HPSA Population,Low Income Homeless Migrant Farmworker Population HPSA,17,13,3000:1,0.6934,7241,10443:1,1.7166,Designated,6/22/2022,6/22/2022,1/17/2023
Primary Care,MSSA 71.2 &amp; 71.3/Lower Lake/Cobb,1068811139,Lake,Geographic HPSA,Geographic Population,14,14,3500:1,1.675,23150,13821:1,4.935,Designated,6/6/2022,6/6/2022,1/17/2023
Primary Care,Low Income - MSSA 78.2ww/Montebello E/Pico Rivera S/San,1068824236,Los Angeles,HPSA Population,Low Income Population HPSA,11,NA,3000:1,0.55,37321,67856:1,11.89,Proposed For Withdrawal,12/8/2000,9/10/2021,1/17/2023
Primary Care,MSSA 53 - Bishop,1068829390,Inyo,Geographic HPSA,Geographic Population,11, 8,3500:1,2.8,12338,4406:1,0.73,Designated,3/2/2022,3/2/2022,1/17/2023
Primary Care,ME - MSSA 35d/Fresno East Central,1068834561,Fresno,HPSA Population,Medicaid Eligible Population HPSA,19, 9,3000:1,5.34,71846,13454:1,18.61,Designated,8/28/2020,8/28/2020,1/17/2023
Primary Care,LI/HMFW-MSSA 4- Ione-Jackson-Pine Grove-Sutter Creek,1068902654,Amador,HPSA Population,Low Income Homeless Migrant Farmworker Population HPSA,7,NA,3000:1,1.61,7075,4394:1,0.75,Proposed For Withdrawal,1/19/2017,9/10/2021,1/17/2023
Primary Care,LI - MSSA 151h - Fontana Central/Rialto Central,1068909492,San Bernardino,HPSA Population,Low Income Population HPSA,17,14,3000:1,0.9,65291,72546:1,20.86,Designated,10/24/2022,10/24/2022,1/17/2023
Primary Care,MSSA 36.2/Hamilton City,1068956327,Glenn,High Needs Geographic HPSA,Geographic Population,13,20,3000:1,0,3501,,1.17,Designated,9/17/2009,9/10/2021,1/17/2023
Primary Care,MSSA 234.1 &amp; 235/Chinese Camp/Big Oak Flat,1068995668,Tuolumne,Geographic HPSA,Geographic Population,13,13,3500:1,1,5531,5531:1,0.58,Designated,5/1/1979,8/18/2021,1/17/2023
Primary Care,MSSA 32-Parlier,1069000287,Fresno,High Needs Geographic HPSA,Geographic Population,11,NA,3000:1,20.07,70322,3504:1,3.37,Proposed For Withdrawal,10/20/2016,9/10/2021,1/17/2023
Primary Care,MSSA 77.3/Juniper Hills,1069007314,Los Angeles,Geographic HPSA,Geographic Population,16,16,3500:1,0.2,17994,89970:1,4.94,Designated,7/18/2022,7/18/2022,1/17/2023
Primary Care,LI-MSSA 78.2yyy-Industry West-La Puente,1069030393,Los Angeles,HPSA Population,Low Income Population HPSA,4,10,3000:1,12.4715,42463,3405:1,1.6785,Designated,9/1/2022,9/1/2022,1/17/2023
Primary Care,LI/MFW - MSSA 233/Visalia,1069162560,Tulare,HPSA Population,Low Income Migrant Farmworker Population HPSA,15, 9,3000:1,10.5563,70725,6700:1,13.0237,Designated,3/7/2022,3/7/2022,1/17/2023
Primary Care,LI/MFW/H - MSSA 91/Willits,1069165138,Mendocino,HPSA Population,Low Income Homeless Migrant Farmworker Population HPSA,14,17,3000:1,0.8415,5662,6728:1,1.0485,Designated,3/14/2022,3/14/2022,1/17/2023
Primary Care,MSSA 68/Corcoran,1069206798,Kings,High Needs Geographic HPSA,Geographic Population,15,21,3000:1,2.575,19801,7690:1,4.025,Designated,3/15/2022,3/15/2022,1/17/2023
Primary Care,LI/MSSA 147-Lake Arrowhead,1069214808,San Bernardino,HPSA Population,Low Income Population HPSA,14, 9,3000:1,0.9825,5949,6055:1,0.9975,Designated,6/14/2017,9/10/2021,1/17/2023
Primary Care,MSSA 93.3/Potter Valley,1069258904,Mendocino,Geographic HPSA,Geographic Population,11,14,3500:1,0,1869,,0.53,Designated,12/24/2009,8/18/2021,1/17/2023
Primary Care,ME MSSA 97.3 - Le Grand/Planada,1069263546,Merced,HPSA Population,Medicaid Eligible Population HPSA,17,12,3000:1,0,4490,,1.5,Designated,9/21/2020,9/21/2020,1/17/2023
Primary Care,MSSA 57.2/Taft,1069280498,Kern,High Needs Geographic HPSA,Geographic Population,19,20,3000:1,0.75,22785,30380:1,6.85,Designated,1/31/2022,1/31/2022,1/17/2023
Primary Care,MSSA 19/Del Norte County,1069379423,Del Norte,High Needs Geographic HPSA,Geographic Population,8,22,3000:1,7.5,24448,3260:1,0.65,Designated,6/15/1990,9/10/2021,1/17/2023
Primary Care,ME - MSSA 218/Live Oak,1069433558,Sutter,HPSA Population,Medicaid Eligible Population HPSA,17,10,3000:1,0,4981,,1.66,Designated,3/5/2021,3/5/2021,1/17/2023
Primary Care,ME MSSA 35f - Fresno North Central,1069443787,Fresno,HPSA Population,Medicaid Eligible Population HPSA,10, 7,3000:1,10.88,33937,3119:1,0.43,Designated,7/22/2021,7/22/2021,1/17/2023
Primary Care,MSSA 44 - Garberville/Redway,1069511428,Humboldt,Geographic HPSA,Geographic Population,12,14,3500:1,1.65,6660,4036:1,0.25,Designated,3/7/2022,3/7/2022,1/17/2023
Primary Care,MSSA 7.4/Durham,1069639946,Butte,Geographic HPSA,Geographic Population,11,NA,3500:1,0,5502,,1.57,Proposed For Withdrawal,3/21/2014,9/10/2021,1/17/2023
Primary Care,MSSA 93.1/Ukiah,1069676534,Mendocino,High Needs Geographic HPSA,Geographic Population,11,NA,3000:1,8.49,29882,3520:1,1.47,Proposed For Withdrawal,4/24/2017,9/10/2021,1/17/2023
Primary Care,MSSA 69/Hanford/Lemoore,1069693751,Kings,Geographic HPSA,Geographic Population,10,17,3500:1,27.055,114327,4226:1,5.605,Designated,3/15/2022,3/15/2022,1/17/2023
Primary Care,Low Income - MSSA 129.3/Agua Caliente,1069709272,Riverside,HPSA Population,Low Income Population HPSA,12,NA,3000:1,0,12002,,4,Proposed For Withdrawal,8/12/2013,9/10/2021,1/17/2023
Primary Care,MSSA 190/Burney,1069721728,Shasta,Geographic HPSA,Geographic Population,10,15,3500:1,2.05,7716,3764:1,0.15,Proposed For Withdrawal,6/22/2022,11/17/2022,1/17/2023
Primary Care,LI-MSSA 78.2ll/San Fernando West,1069894178,Los Angeles,HPSA Population,Low Income Population HPSA,13,11,3000:1,13.15,58599,4456:1,6.38,Designated,8/19/2008,9/10/2021,1/17/2023
Primary Care,ME 78.2vv-Los Nietos/Santa Fe Springs Northeast,1069900227,Los Angeles,HPSA Population,Medicaid Eligible Population HPSA,16, 1,3000:1,0.9,32438,36042:1,9.91,Designated,5/24/2022,5/24/2022,1/17/2023
Primary Care,Low Income/Homeless - MSSA 139j- Del Paso Heights/,1069937618,Sacramento,HPSA Population,Low Income Homeless Population HPSA,15,NA,3000:1,0,73339,,24.45,Proposed For Withdrawal,8/18/2011,9/10/2021,1/17/2023
Primary Care,MSSA 208/Sonoma,106999065P,Sonoma,Geographic HPSA,Geographic Population,6,NA,3500:1,12.56,43988,3502:1,0.01,Proposed For Withdrawal,12/22/2017,9/10/2021,1/17/2023
